filename,filedate,filesize,disk,basedir,uri
011001900211_90439665.pdf,20190606-13:07:13,37636,c:,MARL2019,Desktop
011001900111_98182724.pdf,20190308-20:43:35,37377,c:,MARL2019,Desktop\20190321
1533675999.jpg,20190304-16:19:02,120675,c:,MARL2019,Desktop\20190321
1688459130.jpg,20190304-16:18:53,140841,c:,MARL2019,Desktop\20190321
201903.pdf,20190321-10:43:02,520778,c:,MARL2019,Desktop\20190321
chinaunicom2019022210175017508776232218511089715.pdf,20190222-10:18:00,35250,c:,MARL2019,Desktop\20190321
ChinaUnicomCards20190222101226.xls,20190225-07:10:50,30720,c:,MARL2019,Desktop\20190321
New Microsoft Word Document.docx,20190319-10:45:58,274480,c:,MARL2019,Desktop\20190321
011001800411-42130202-1.pdf,20190402-08:59:21,30254,c:,MARL2019,Desktop\20190402
155.jpg,20190402-08:50:31,193983,c:,MARL2019,Desktop\20190402
185.jpg,20190402-08:50:44,183448,c:,MARL2019,Desktop\20190402
201904.pdf,20190402-18:18:09,432040,c:,MARL2019,Desktop\20190402
celluar.docx,20190402-09:01:17,390399,c:,MARL2019,Desktop\20190402
chinaunicom2019032510533153319186375418511089715.pdf,20190325-10:53:50,35221,c:,MARL2019,Desktop\20190402
ChinaUnicomCards20190325095011.xls,20190418-10:36:56,30720,c:,MARL2019,Desktop\20190402
011001600111_65087221.pdf,20190418-19:49:15,76170,c:,MARL2019,Desktop\20190505
011001600111_65984805.pdf,20190418-19:49:42,76245,c:,MARL2019,Desktop\20190505
155.jfif,20190505-14:08:18,97678,c:,MARL2019,Desktop\20190505
185.jfif,20190505-14:08:24,99620,c:,MARL2019,Desktop\20190505
20190505.pdf,20190505-15:11:26,637556,c:,MARL2019,Desktop\20190505
cellphone1904.docx,20190505-14:09:38,210119,c:,MARL2019,Desktop\20190505
chinaunicom01100190021122005976.pdf,20190423-07:56:17,35219,c:,MARL2019,Desktop\20190505
011001900211_44174026.pdf,20190517-09:27:45,28716,c:,MARL2019,Desktop\20190605
011001900211_63457980.pdf,20190517-09:24:10,42141,c:,MARL2019,Desktop\20190605
155.jpg,20190603-10:32:28,97540,c:,MARL2019,Desktop\20190605
185.jpg,20190603-10:32:38,99409,c:,MARL2019,Desktop\20190605
20190605.pdf,20190604-15:42:51,992411,c:,MARL2019,Desktop\20190605
cell.docx,20190604-12:23:31,209758,c:,MARL2019,Desktop\20190605
chinaUnicom201905170952095298483765118511089715.pdf,20190517-09:52:19,35337,c:,MARL2019,Desktop\20190605
ChinaUnicomCards20190423075301.xls,20190520-11:00:13,30720,c:,MARL2019,Desktop\20190605
ChinaUnicomCards20190517095002.xls,20190520-11:04:00,30720,c:,MARL2019,Desktop\20190605
Travel application 53D201900394 for Shanping Yi (1038.46 USD).msg,20190521-07:49:39,124928,c:,MARL2019,Desktop\20190605
wKj6yFzZ9dyIP5vIAACuxbbIeyEAAH7xwDqmMAAAK7d934.pdf,20190517-09:25:59,44741,c:,MARL2019,Desktop\20190605
arm-core.txt,20190510-15:30:33,900,c:,MARL2019,Desktop
Intel-Skylake.jpg,20190509-11:33:57,321227,c:,MARL2019,Desktop
intel.txt,20190509-12:30:00,109,c:,MARL2019,Desktop
00-Armada_v8_SoC.pdf,20190103-19:36:41,5485388,c:,MARL2019,FAETraining\2019\IPBU Armada_3Day_Training
01-Collaterals_v2.pdf,20190103-19:39:52,6076339,c:,MARL2019,FAETraining\2019\IPBU Armada_3Day_Training
01_Overview.mp4,20190112-03:13:27,217476986,c:,MARL2019,FAETraining\2019\IPBU Armada_3Day_Training
02-DGL Schematics And Layout.pdf,20190103-19:48:16,3434190,c:,MARL2019,FAETraining\2019\IPBU Armada_3Day_Training
02_Hardware.mp4,20190112-03:13:46,127779394,c:,MARL2019,FAETraining\2019\IPBU Armada_3Day_Training
03-DDR_training.pdf,20190103-20:10:35,2451640,c:,MARL2019,FAETraining\2019\IPBU Armada_3Day_Training
03_DDR.mp4,20190112-03:13:56,130286786,c:,MARL2019,FAETraining\2019\IPBU Armada_3Day_Training
04-Armada-BSP-Overview.pdf,20190103-20:13:02,1134245,c:,MARL2019,FAETraining\2019\IPBU Armada_3Day_Training
04_BSP.mp4,20190112-03:14:25,29551064,c:,MARL2019,FAETraining\2019\IPBU Armada_3Day_Training
05-BSP-Release-and-Setup.pdf,20190103-20:14:30,632960,c:,MARL2019,FAETraining\2019\IPBU Armada_3Day_Training
05_8KBootRom.mp4,20190112-03:14:38,60816920,c:,MARL2019,FAETraining\2019\IPBU Armada_3Day_Training
06-Armada-8K_BootROM.pdf,20190103-20:17:05,738347,c:,MARL2019,FAETraining\2019\IPBU Armada_3Day_Training
06A-7K 8K Secure Boot.v1.2.pdf,20190103-20:15:41,377205,c:,MARL2019,FAETraining\2019\IPBU Armada_3Day_Training
06_SecureBoot.mp4,20190112-03:14:47,45562296,c:,MARL2019,FAETraining\2019\IPBU Armada_3Day_Training
07-Armada-3K_BootROM.pdf,20190103-20:17:41,382888,c:,MARL2019,FAETraining\2019\IPBU Armada_3Day_Training
07_3KBootRom.mp4,20190112-03:15:06,14983161,c:,MARL2019,FAETraining\2019\IPBU Armada_3Day_Training
08-ARM-Trusted-Firmware.pdf,20190103-20:19:37,670280,c:,MARL2019,FAETraining\2019\IPBU Armada_3Day_Training
08_ATF.mp4,20190112-03:15:15,30198823,c:,MARL2019,FAETraining\2019\IPBU Armada_3Day_Training
09-Device-Tree-Basics.pdf,20190103-20:21:42,369332,c:,MARL2019,FAETraining\2019\IPBU Armada_3Day_Training
09_DeviceTree.mp4,20190112-03:15:31,27522621,c:,MARL2019,FAETraining\2019\IPBU Armada_3Day_Training
10-UBoot-BSP.pdf,20190103-20:23:45,967172,c:,MARL2019,FAETraining\2019\IPBU Armada_3Day_Training
10_u-boot_BSP.mp4,20190112-03:15:39,34841258,c:,MARL2019,FAETraining\2019\IPBU Armada_3Day_Training
11-Linux-BSP.pdf,20190103-20:26:38,745431,c:,MARL2019,FAETraining\2019\IPBU Armada_3Day_Training
11_HandsOn.mp4,20190112-03:15:42,18963651,c:,MARL2019,FAETraining\2019\IPBU Armada_3Day_Training
12 - Armada_Networking_SDK-intro.pdf,20190103-22:30:42,2462846,c:,MARL2019,FAETraining\2019\IPBU Armada_3Day_Training
12_Linux.mp4,20190112-03:16:06,36027169,c:,MARL2019,FAETraining\2019\IPBU Armada_3Day_Training
13-Virtualization.pdf,20190103-21:22:26,1174839,c:,MARL2019,FAETraining\2019\IPBU Armada_3Day_Training
13_AVS.mp4,20190112-03:16:14,70886978,c:,MARL2019,FAETraining\2019\IPBU Armada_3Day_Training
14-XDB Basics.pdf,20190103-20:43:25,658688,c:,MARL2019,FAETraining\2019\IPBU Armada_3Day_Training
14_PPV2.mp4,20190112-03:16:22,93142724,c:,MARL2019,FAETraining\2019\IPBU Armada_3Day_Training
15-AVS_Training_.pdf,20190103-20:40:51,1158834,c:,MARL2019,FAETraining\2019\IPBU Armada_3Day_Training
15_Virtualization.mp4,20190112-03:16:22,20696181,c:,MARL2019,FAETraining\2019\IPBU Armada_3Day_Training
16_XDB.mp4,20190112-03:16:25,7976105,c:,MARL2019,FAETraining\2019\IPBU Armada_3Day_Training
Armada Hands On.pdf,20190103-22:29:59,1626854,c:,MARL2019,FAETraining\2019\IPBU Armada_3Day_Training
01 OCTEON TX and TX2.mp4,20190426-02:14:13,1328834517,c:,MARL2019,FAETraining\2019\IPBU Disty FAE Training
02 OCTEON-III TX TX2 Based System Hardware.mp4,20190426-04:00:31,1324390375,c:,MARL2019,FAETraining\2019\IPBU Disty FAE Training
03 OCTEON TX2 Boot Process.mp4,20190426-05:56:01,1269749194,c:,MARL2019,FAETraining\2019\IPBU Disty FAE Training
04 Unified SDK Orientation.mp4,20190504-00:59:43,1372014852,c:,MARL2019,FAETraining\2019\IPBU Disty FAE Training
05 Data Plane and Reference SW.mp4,20190504-02:50:57,1245906675,c:,MARL2019,FAETraining\2019\IPBU Disty FAE Training
OCTEON TX and TX2 Overview-SteveWatt-24APR2019.pptx,20190501-06:35:10,1590310,c:,MARL2019,FAETraining\2019\IPBU Disty FAE Training
Unified-SDK-Orientation-MikeCherba_24APR2019.pptx,20190501-00:53:53,427416,c:,MARL2019,FAETraining\2019\IPBU Disty FAE Training
CN96 Network Virtulization.ppt,20190401-10:59:00,3072512,c:,MARL2019,FAETraining\201904
CN96 SSO.PPT,20190415-10:20:22,3111936,c:,MARL2019,FAETraining\201904
cn96xx cpt hardware and software.pptx,20190506-21:46:37,698289,c:,MARL2019,FAETraining\201904
cn96xx GIC GTI.pptx,20190514-08:49:18,526585,c:,MARL2019,FAETraining\201904
CN96XX.PPTX,20190408-10:50:20,1449295,c:,MARL2019,FAETraining\201904
CN96XX_DMA-SDP.PPTX,20190602-22:55:24,1305509,c:,MARL2019,FAETraining\201904
CN96XX_NPA_NIX_NPC.pptx,20190421-11:39:36,2312778,c:,MARL2019,FAETraining\201904
PCIE on CN96xx.ppt,20190527-02:36:19,1953792,c:,MARL2019,FAETraining\201904
readme.txt,20190514-17:17:53,771,c:,MARL2019,FAETraining\201904
AI 分类.jpeg,20190424-21:41:45,134866,c:,MARL2019,FAETraining\AI
AI1.png,20190415-09:08:24,339887,c:,MARL2019,FAETraining\AI
AI_actions.png,20190415-09:27:43,275785,c:,MARL2019,FAETraining\AI
AI_comparison.png,20190415-09:23:03,490233,c:,MARL2019,FAETraining\AI
AI_glossary.png,20190415-09:41:56,240277,c:,MARL2019,FAETraining\AI
AI_vendors.png,20190415-09:19:47,270859,c:,MARL2019,FAETraining\AI
BootSequence.pdf,20190423-14:22:32,1737184,c:,MARL2019,FAETraining
BootSequence.pptx,20190423-14:22:28,1801604,c:,MARL2019,FAETraining
LiquidSecurity_day1.pptx,20190408-18:58:33,1492760,c:,MARL2019,FAETraining\LiquidSecurity
OpenWRT_demo_15April2019.docx,20190510-23:36:43,2472695,c:,MARL2019,FAETraining
1003.txt,20190319-18:30:35,45,c:,MARL2019,personal
1.jpg,20190319-13:35:38,101237,c:,MARL2019,personal\DellInspiron14R
2.jpg,20190319-13:37:00,99569,c:,MARL2019,personal\DellInspiron14R
3.jpg,20190319-13:36:37,1177105,c:,MARL2019,personal\DellInspiron14R
inspiron-14r-se-7420_Owner's Manual_zh-cn.pdf,20130311-20:38:24,2619312,c:,MARL2019,personal\DellInspiron14R
inspiron-14r-se-7420_Setup Guide_zh-cn.pdf,20130311-20:38:30,1852296,c:,MARL2019,personal\DellInspiron14R
ikang20190331.pdf,20190331-11:50:19,654762,c:,MARL2019,personal
"Li,+Huihai-+FAE.docx",20190418-19:14:44,29426,c:,MARL2019,personal
MW310RE V3.0快速安装指南 1.0.1.pdf,20190316-18:22:02,4985514,c:,MARL2019,personal
xcl_20_402.txt,20190328-18:17:31,155,c:,MARL2019,personal
yihuaiyu.pdf,20190520-10:50:52,42359,c:,MARL2019,personal
yihuaiyuan.pdf,20190520-10:54:37,42027,c:,MARL2019,personal
徐启明简历（ 高级软件工程师）英-2019.3.11.pdf,20190328-16:18:16,586660,c:,MARL2019,personal
徐启明简历（+高级软件工程师）2019.3.11.pdf,20190401-12:51:17,730258,c:,MARL2019,personal
20190423_lio3.txt,20190423-10:08:47,175,c:,MARL2019,Supports
NITROX Introduction for Baidu.pdf,20190527-15:32:50,3142430,c:,MARL2019,Supports\Baidu
NITROX Introduction for Baidu.pptx,20190527-15:32:47,715503,c:,MARL2019,Supports\Baidu
SmartNiC_for_Baidu.pdf,20190527-15:33:37,1370361,c:,MARL2019,Supports\Baidu
SmartNiC_for_Baidu.pptx,20190527-15:33:18,827211,c:,MARL2019,Supports\Baidu
CN96xx engagement summary - H3C.pptx,20190603-09:52:16,231429,c:,MARL2019,Supports
CN96XX_NPA_NIX_NPC_for_byzoro.pptx,20190424-18:54:26,566154,c:,MARL2019,Supports
CN96XX_traffic_flow.pdf,20190424-18:55:06,1215589,c:,MARL2019,Supports
CN9XXX_requirements_for_PKI_v1_01282019.xlsx,20190311-08:50:02,15684,c:,MARL2019,Supports
EB83_SDK6.xmind,20190605-17:09:58,309724,c:,MARL2019,Supports
10G.txt,20190222-08:17:21,31997,c:,MARL2019,Supports\H3C\20190222wireless_xfi
20190123dts.txt,20190129-14:16:43,599,c:,MARL2019,Supports\H3C\20190305cn83xx_pcie2sata
1.p,20190418-09:46:19,74417,c:,MARL2019,Supports\H3C\20190305cn83xx_pcie2sata\bootloader_for_f1090
2.p,20190418-09:33:14,906,c:,MARL2019,Supports\H3C\20190305cn83xx_pcie2sata\bootloader_for_f1090
3.p,20190418-09:33:25,14713,c:,MARL2019,Supports\H3C\20190305cn83xx_pcie2sata\bootloader_for_f1090
code.txt,20190424-13:54:07,2641,c:,MARL2019,Supports\H3C\20190305cn83xx_pcie2sata\bootloader_for_f1090
dts_h3c.patch,20190417-19:54:16,14695,c:,MARL2019,Supports\H3C\20190305cn83xx_pcie2sata\bootloader_for_f1090
ebb8304_h3c.dts,20190417-19:54:49,28832,c:,MARL2019,Supports\H3C\20190305cn83xx_pcie2sata\bootloader_for_f1090
ebb8304_orig.dts,20190417-19:55:02,28864,c:,MARL2019,Supports\H3C\20190305cn83xx_pcie2sata\bootloader_for_f1090
config_diff_sdk_on_left_vs_h3c_on_right_1.png,20190306-11:21:03,17162,c:,MARL2019,Supports\H3C\20190305cn83xx_pcie2sata
config_diff_sdk_on_left_vs_h3c_on_right_2.png,20190306-11:21:29,48822,c:,MARL2019,Supports\H3C\20190305cn83xx_pcie2sata
config_diff_sdk_on_left_vs_h3c_on_right_3.png,20190306-11:21:49,22886,c:,MARL2019,Supports\H3C\20190305cn83xx_pcie2sata
config_diff_sdk_on_left_vs_h3c_on_right_4.png,20190306-11:22:04,20124,c:,MARL2019,Supports\H3C\20190305cn83xx_pcie2sata
config_diff_sdk_on_left_vs_h3c_on_right_5.png,20190306-11:22:21,40359,c:,MARL2019,Supports\H3C\20190305cn83xx_pcie2sata
config_diff_sdk_on_left_vs_h3c_on_right_6.png,20190306-11:22:38,35332,c:,MARL2019,Supports\H3C\20190305cn83xx_pcie2sata
config_diff_sdk_on_left_vs_h3c_on_right_7.png,20190306-11:22:57,30154,c:,MARL2019,Supports\H3C\20190305cn83xx_pcie2sata
config_diff_sdk_on_left_vs_h3c_on_right_8.png,20190306-11:23:20,16879,c:,MARL2019,Supports\H3C\20190305cn83xx_pcie2sata
config_diff_sdk_on_left_vs_h3c_on_right_9.png,20190306-11:23:34,49473,c:,MARL2019,Supports\H3C\20190305cn83xx_pcie2sata
h3c.log,20190305-12:23:56,85263,c:,MARL2019,Supports\H3C\20190305cn83xx_pcie2sata
iomem.txt,20190305-14:39:19,19732,c:,MARL2019,Supports\H3C\20190305cn83xx_pcie2sata
pcie2sata_debug.log,20190305-13:58:35,91042,c:,MARL2019,Supports\H3C\20190305cn83xx_pcie2sata
pcie2sata_debug2.log,20190306-14:47:50,122037,c:,MARL2019,Supports\H3C\20190305cn83xx_pcie2sata
pcie2sata_debug3.log,20190306-15:00:57,121007,c:,MARL2019,Supports\H3C\20190305cn83xx_pcie2sata
sourcecode.txt,20190308-18:54:02,3189,c:,MARL2019,Supports\H3C\20190305cn83xx_pcie2sata
uboot+sdk - Copy.log,20190305-12:23:49,294610,c:,MARL2019,Supports\H3C\20190305cn83xx_pcie2sata
uboot+sdk.log,20190306-15:10:33,85860,c:,MARL2019,Supports\H3C\20190305cn83xx_pcie2sata
build_sdk.log,20190306-09:44:23,22316,c:,MARL2019,Supports\H3C\20190306nitroxv_for_lb
readme.txt,20190306-09:46:45,349,c:,MARL2019,Supports\H3C\20190306nitroxv_for_lb
20190314meeting.txt,20190314-18:55:06,1073,c:,MARL2019,Supports\H3C
emmc_boot.txt,20190325-09:15:30,3443,c:,MARL2019,Supports\H3C\20190320bdk_margin
emmc_boot_bdk_on_ebb7800.log,20190325-13:14:49,68722,c:,MARL2019,Supports\H3C\20190320bdk_margin
test.txt,20190322-20:38:42,3170,c:,MARL2019,Supports\H3C\20190320bdk_margin
3720-DB-128MB-openwrt.log,20190325-13:20:58,50961,c:,MARL2019,Supports\H3C\20190321A3720_NAT
test.tar,20190321-10:47:13,10240,c:,MARL2019,Supports\H3C\20190321A3720_NAT
test_espressonbin_3720_doc.txt,20190329-09:37:35,1896,c:,MARL2019,Supports\H3C\20190321A3720_NAT
20190322_A3720.txt,20190322-11:00:16,96,c:,MARL2019,Supports\H3C
CN7809_spi_mode0.png,20190329-19:16:28,180967,c:,MARL2019,Supports\H3C\20190329_cn78xx_spi
RE Questions about SPI driver(octeon_spi.c) Case 190105-000000.msg,20190329-15:08:22,116224,c:,MARL2019,Supports\H3C\20190329_cn78xx_spi
20190403_A3720.txt,20190403-15:18:30,256,c:,MARL2019,Supports\H3C
20190418.txt,20190418-17:55:23,127,c:,MARL2019,Supports\H3C
20190505.txt,20190505-15:37:40,821,c:,MARL2019,Supports\H3C\20190418_2GHz_pkohang
20190521.txt,20190521-10:41:12,412,c:,MARL2019,Supports\H3C\20190418_2GHz_pkohang
30k寄存器值.rar,20190603-13:50:25,5464,c:,MARL2019,Supports\H3C\20190418_2GHz_pkohang
32GE_traffic_flow.png,20190506-16:03:00,48885,c:,MARL2019,Supports\H3C\20190418_2GHz_pkohang
abnormal.txt,20190418-12:46:30,38369,c:,MARL2019,Supports\H3C\20190418_2GHz_pkohang\Desktop
abnormal.txt.readable,20190418-12:49:32,279186,c:,MARL2019,Supports\H3C\20190418_2GHz_pkohang\Desktop
abnormal2.txt,20190418-12:46:55,38369,c:,MARL2019,Supports\H3C\20190418_2GHz_pkohang\Desktop
abnormal2.txt.readable,20190418-12:49:52,279248,c:,MARL2019,Supports\H3C\20190418_2GHz_pkohang\Desktop
normal.txt,20190418-12:44:54,25436,c:,MARL2019,Supports\H3C\20190418_2GHz_pkohang\Desktop
normal.txt.readable,20190418-12:50:17,190190,c:,MARL2019,Supports\H3C\20190418_2GHz_pkohang\Desktop
pko.reg.code,20180409-16:25:11,4172600,c:,MARL2019,Supports\H3C\20190418_2GHz_pkohang\Desktop
Desktop.rar,20190418-12:43:20,10516,c:,MARL2019,Supports\H3C\20190418_2GHz_pkohang
abnormal.txt,20190422-08:25:04,160773,c:,MARL2019,Supports\H3C\20190418_2GHz_pkohang\Desktop20190422
abnormal_DQChain.txt,20190422-14:41:18,21273,c:,MARL2019,Supports\H3C\20190418_2GHz_pkohang\Desktop20190422
abnormal_register.txt,20190422-14:43:36,36975,c:,MARL2019,Supports\H3C\20190418_2GHz_pkohang\Desktop20190422
abnormal_register.txt.readable,20190422-14:45:41,271591,c:,MARL2019,Supports\H3C\20190418_2GHz_pkohang\Desktop20190422
normal_DQChain.txt,20190420-19:21:01,20910,c:,MARL2019,Supports\H3C\20190418_2GHz_pkohang\Desktop20190422
Desktop20190422.rar,20190422-09:10:48,24465,c:,MARL2019,Supports\H3C\20190418_2GHz_pkohang
20190422_A3720.txt,20190422-14:32:52,139,c:,MARL2019,Supports\H3C
hang.txt,20190508-12:28:52,23702,c:,MARL2019,Supports\H3C\20190508Security_pkohang
hang.txt.readable,20190508-12:31:11,123255,c:,MARL2019,Supports\H3C\20190508Security_pkohang
normal.txt,20190508-12:28:14,22093,c:,MARL2019,Supports\H3C\20190508Security_pkohang
normal.txt.readable,20190508-12:31:29,114982,c:,MARL2019,Supports\H3C\20190508Security_pkohang
PKO.reg.code,20190505-16:11:07,3849729,c:,MARL2019,Supports\H3C\20190508Security_pkohang
readme.txt,20190508-16:11:19,273,c:,MARL2019,Supports\H3C\20190508Security_pkohang
发送失败pko寄存器打印.txt,20190508-12:25:32,28965,c:,MARL2019,Supports\H3C\20190508Security_pkohang
发送成功pko寄存器.txt,20190508-12:25:36,27123,c:,MARL2019,Supports\H3C\20190508Security_pkohang
bdi3000_start.txt,20190510-13:20:10,1974,c:,MARL2019,Supports\H3C\20190510bdi3000_forcnf75
error.log,20190510-16:20:54,6888,c:,MARL2019,Supports\H3C\20190510bdi3000_forcnf75
cn7800multi.cfg,20190529-07:06:54,19000,c:,MARL2019,Supports\H3C\20190510bdi3000_forcnf75\from_TME
regCN7800.def,20190529-07:06:57,7957,c:,MARL2019,Supports\H3C\20190510bdi3000_forcnf75\from_TME
20190513-Travel.txt,20190510-15:28:17,233,c:,MARL2019,Supports\H3C
liquidIO_for_H3C.pdf,20190514-17:39:45,1765151,c:,MARL2019,Supports\H3C\20190514meeting
liquidIO_for_H3C_hangzhou20190510.pptx,20190510-08:47:24,1364872,c:,MARL2019,Supports\H3C\20190514meeting
liquidIO_for_H3C_hangzhou20190514.pptx,20190514-17:39:17,962650,c:,MARL2019,Supports\H3C\20190514meeting
marvell_processor_update.pptx,20190510-15:31:15,9107204,c:,MARL2019,Supports\H3C\20190514meeting
Soc_Roadmap.pdf,20190514-17:43:54,826466,c:,MARL2019,Supports\H3C\20190514meeting
1.abnormal_on_fault_CPU.txt,20190514-17:56:03,46364,c:,MARL2019,Supports\H3C\20190514pkohang_from_Security
1.abnormal_PKO.txt,20190514-18:09:09,23881,c:,MARL2019,Supports\H3C\20190514pkohang_from_Security
1.abnormal_PKO.txt.readable,20190514-18:12:42,123212,c:,MARL2019,Supports\H3C\20190514pkohang_from_Security
1.发生故障异常CPU收发寄存器打印.txt,20190514-17:50:25,56723,c:,MARL2019,Supports\H3C\20190514pkohang_from_Security
2.normal_on_fault_CPU.txt,20190514-17:55:08,31306,c:,MARL2019,Supports\H3C\20190514pkohang_from_Security
2.normal_PKO.txt,20190514-18:09:30,16524,c:,MARL2019,Supports\H3C\20190514pkohang_from_Security
2.normal_PKO.txt.readable,20190514-18:12:08,126238,c:,MARL2019,Supports\H3C\20190514pkohang_from_Security
2.发生故障正常CPU寄存器打印.txt,20190514-17:50:28,44000,c:,MARL2019,Supports\H3C\20190514pkohang_from_Security
adjust_rr-code.txt,20190605-12:55:34,2234,c:,MARL2019,Supports\H3C\20190514pkohang_from_Security
PKO.reg.code,20190505-16:11:07,3849729,c:,MARL2019,Supports\H3C\20190514pkohang_from_Security
pko3_config_dump.txt,20190522-20:12:40,10535,c:,MARL2019,Supports\H3C\20190514pkohang_from_Security
readme.txt,20190514-18:38:13,1165,c:,MARL2019,Supports\H3C\20190514pkohang_from_Security
正常收发寄存器打印.txt,20190514-17:50:14,58557,c:,MARL2019,Supports\H3C\20190514pkohang_from_Security
20190521.txt,20190521-15:33:50,243,c:,MARL2019,Supports\H3C
bdk.log,20190521-16:57:51,2628,c:,MARL2019,Supports\H3C\20190521bdk_on_ebb7800
csr_tool-1.1.12.zip,20190505-15:59:59,5922598,c:,MARL2019,Supports\H3C
H3C_Org.xmind,20181212-09:18:53,95958,c:,MARL2019,Supports\H3C
H3C_Projects.vsd,20190506-16:02:13,340480,c:,MARL2019,Supports\H3C
H3C_Projects.xmind,20190605-15:49:57,270489,c:,MARL2019,Supports\H3C
H3C_usecase_Traffic_management.pptx,20190403-16:03:08,233049,c:,MARL2019,Supports\H3C
release1.1.11-h3c.zip,20190307-09:38:56,1844351,c:,MARL2019,Supports\H3C
Sample Request Form 010319.xlsx,20190104-08:48:16,122311,c:,MARL2019,Supports\H3C
sample request form.xlsx,20190311-16:27:27,123096,c:,MARL2019,Supports\H3C
Sample Request Form_A3720DBboard_20190301 copy.xlsx,20190312-13:50:16,55414,c:,MARL2019,Supports\H3C
IPBU China tracking 03-11-19.xlsx,20190311-23:35:48,81004,c:,MARL2019,Supports
IPBU China tracking 03-11-19_syi.xlsx,20190312-07:59:37,86127,c:,MARL2019,Supports
IPBU China tracking 03-25-19-all.xlsx,20190325-23:32:21,83926,c:,MARL2019,Supports
IPBU China tracking 03-25-19-syi.xlsx,20190325-19:18:11,89649,c:,MARL2019,Supports
IPBU China tracking 03-26-19.xlsx,20190326-09:28:55,90701,c:,MARL2019,Supports
IPBU China tracking 05-07-19 -  H3C.xlsx,20190603-07:15:16,110335,c:,MARL2019,Supports
IPBU meeting 20190312.txt,20190312-15:00:24,629,c:,MARL2019,Supports
ifcfg-bond0,20190221-17:10:04,171,c:,MARL2019,Supports\liquidio\inventec\ifcfg_settings
ifcfg-enp94s0f0,20190221-17:53:12,114,c:,MARL2019,Supports\liquidio\inventec\ifcfg_settings
ifcfg-enp94s0f1,20190221-17:53:48,114,c:,MARL2019,Supports\liquidio\inventec\ifcfg_settings
ifcfg_settings.zip,20190221-17:39:38,1095,c:,MARL2019,Supports\liquidio\inventec
ISSUE Summary-2.pptx,20190304-14:52:14,49950,c:,MARL2019,Supports\liquidio\inventec
ISSUE Summary.pdf,20190305-08:50:12,262529,c:,MARL2019,Supports\liquidio\inventec
ISSUE Summary.pptx,20190305-08:49:43,117089,c:,MARL2019,Supports\liquidio\inventec
liquidIO_for_H3C_hangzhou20190510.pptx,20190510-08:47:24,1364872,c:,MARL2019,Supports\liquidio
liquidio_introduction_for_H3C.pptx,20180831-09:01:07,12166210,c:,MARL2019,Supports\liquidio
LiquidIO_USECASE-OCTEON_DEBUG.docx,20190524-08:40:57,19384,c:,MARL2019,Supports\liquidio
LiquidIO_USECASE-OCTEON_DEBUG.pptx,20190524-08:44:30,250763,c:,MARL2019,Supports\liquidio
NITROX Introduction for H3C.PPTX,20180110-09:48:49,842430,c:,MARL2019,Supports\Nitrox
customer account.xlsx,20190220-17:07:56,1089915,c:,MARL2019,Supports\salesforce
customer_accounts-20190221.xlsx,20190221-20:32:04,1089971,c:,MARL2019,Supports\salesforce
customer_accounts-20190225.xlsx,20190225-19:28:05,1091706,c:,MARL2019,Supports\salesforce
customer_accounts-20190301.xlsx,20190301-11:19:47,1092182,c:,MARL2019,Supports\salesforce
IPBU Escalated Issues - Migrate Your Issues from cnTRAK to JIRA IPBUCE today.msg,20190222-08:21:14,641536,c:,MARL2019,Supports\salesforce
RE cnTRAK (Oracle Service Cloud) will be deprecated this Sunday.msg,20190220-17:00:27,577536,c:,MARL2019,Supports\salesforce
RE Marvell SFDC New User Training (ChinaTW).msg,20190220-16:53:07,1604608,c:,MARL2019,Supports\salesforce
readme.txt,20190318-10:55:15,2008,c:,MARL2019,Supports\salesforce
Services Data Requirements Template v5. shine -Huawei 2019-1-18.xlsx,20190220-17:01:37,1089575,c:,MARL2019,Supports\salesforce
Template to create new Salesforce Ticket.xlsx,20190209-01:45:32,9879,c:,MARL2019,Supports\salesforce
sata issue.xmind,20190306-14:11:03,75387,c:,MARL2019,Supports
83-bank性能报告.xlsx,20190417-11:25:15,13088,c:,MARL2019,Supports\SDK_EBB
CDM v2.12.28 WHQL Certified.zip,20190312-16:15:02,1682976,c:,MARL2019,Supports\SDK_EBB\A3720_DB
cn9131_dtb_failure.log,20190401-17:19:28,37719,c:,MARL2019,Supports\SDK_EBB\A3720_DB
openwrt_kernel_4.4.52_config,20190319-15:14:03,95178,c:,MARL2019,Supports\SDK_EBB\A3720_DB
test_steps_3720_doc.txt,20190319-14:25:09,1976,c:,MARL2019,Supports\SDK_EBB\A3720_DB
uboot_settings_freq,20190401-16:02:14,1098,c:,MARL2019,Supports\SDK_EBB\A3720_DB
CN83XX_Benchmark_SNORT_hs_4.7.0.xlsx,20190505-21:45:13,17306,c:,MARL2019,Supports\SDK_EBB
readme.txt,20190529-09:34:25,14273,c:,MARL2019,Supports\SDK_EBB\DB-cn9131
sdk190601-dpdk.txt,20190606-15:24:46,3165,c:,MARL2019,Supports\SDK_EBB\DB-cn9131
dpdk_performance_numbers.pdf,20190606-13:49:37,650506,c:,MARL2019,Supports\SDK_EBB
cpt_test.txt,20190319-09:04:55,6552,c:,MARL2019,Supports\SDK_EBB\EBB83_SDK6XX
cpt_test_log_1.1SCLK_mq.txt,20190319-09:16:18,130670,c:,MARL2019,Supports\SDK_EBB\EBB83_SDK6XX
cpt_test_log_1.2SCLK.txt,20190313-10:11:41,123189,c:,MARL2019,Supports\SDK_EBB\EBB83_SDK6XX
openssl-engine-all-results.log,20190228-15:14:15,39793,c:,MARL2019,Supports\SDK_EBB\EBB83_SDK6XX
openssl-engine-boot.log,20190429-18:18:07,754281,c:,MARL2019,Supports\SDK_EBB\EBB83_SDK6XX
openssl-engine-compile.txt,20190225-14:51:33,1616,c:,MARL2019,Supports\SDK_EBB\EBB83_SDK6XX
openssl-engine-perf_evp_engine.log,20190429-18:15:52,6101,c:,MARL2019,Supports\SDK_EBB\EBB83_SDK6XX
openssl-engine-perf_evp_engine2.log,20190429-18:17:42,11711,c:,MARL2019,Supports\SDK_EBB\EBB83_SDK6XX
openssl-engine-result.txt,20190228-16:36:51,12800,c:,MARL2019,Supports\SDK_EBB\EBB83_SDK6XX
openssl-engine-run.txt,20190429-18:44:49,15054,c:,MARL2019,Supports\SDK_EBB\EBB83_SDK6XX
openssl-engine-speed-alltest.log,20190429-18:59:55,20588,c:,MARL2019,Supports\SDK_EBB\EBB83_SDK6XX
openssl-engine.txt,20190219-15:56:27,1460,c:,MARL2019,Supports\SDK_EBB\EBB83_SDK6XX
python.txt,20190222-14:42:52,749,c:,MARL2019,Supports\SDK_EBB\EBB83_SDK6XX
python_module_openssl-engine.txt,20190223-09:05:13,4984,c:,MARL2019,Supports\SDK_EBB\EBB83_SDK6XX
sdk620p3-dpdk.txt,20190605-17:07:59,5778,c:,MARL2019,Supports\SDK_EBB\EBB83_SDK6XX
sdk620_build_uboot.log,20190423-15:03:50,443608,c:,MARL2019,Supports\SDK_EBB\EBB83_SDK6XX
sdk620_initramfs.txt,20190329-20:48:38,1790,c:,MARL2019,Supports\SDK_EBB\EBB83_SDK6XX
ebin-openwrt-17.02.zip,20190228-09:52:42,9328154,c:,MARL2019,Supports\SDK_EBB\espressobin
ebin-openwrt-17.10.zip,20190306-17:11:52,9502471,c:,MARL2019,Supports\SDK_EBB\espressobin
ebin-ubuntu-16.04.3.zip,20171004-23:14:55,66545051,c:,MARL2019,Supports\SDK_EBB\espressobin
ebin_v7_u-boot_patches.zip,20190228-09:47:35,3935,c:,MARL2019,Supports\SDK_EBB\espressobin
ESPRESSObin-V7-Hardware-Block-diagram-181202.pdf,20190228-08:58:54,82454,c:,MARL2019,Supports\SDK_EBB\espressobin
ESPRESSObin_V4_Schematics.pdf,20190507-15:06:19,294293,c:,MARL2019,Supports\SDK_EBB\espressobin
ESPRESSObin_V7_Schematics.pdf,20190228-09:01:22,3022234,c:,MARL2019,Supports\SDK_EBB\espressobin
openwrt.txt,20190307-09:37:03,1707,c:,MARL2019,Supports\SDK_EBB\espressobin
ubuntu.txt,20190524-09:48:09,6391,c:,MARL2019,Supports\SDK_EBB\espressobin
wifi.txt,20190604-14:06:03,651,c:,MARL2019,Supports\SDK_EBB\espressobin
PMU.txt,20190430-07:38:10,1796,c:,MARL2019,Supports\SDK_EBB
ATF.txt,20190225-18:07:11,1796,c:,MARL2019,Supports\SDK_EBB\SDK10
buildroot.txt,20190225-21:12:40,606,c:,MARL2019,Supports\SDK_EBB\SDK10
buildroot_all_sdk101906_cn9131.log,20190329-15:02:22,15828293,c:,MARL2019,Supports\SDK_EBB\SDK10
buildroot_boot_sdk101906_cn9131.log,20190329-11:54:33,132884,c:,MARL2019,Supports\SDK_EBB\SDK10
buildroot_boot_sdk101906_cn9131_2.log,20190329-11:55:24,22854,c:,MARL2019,Supports\SDK_EBB\SDK10
buildroot_boot_sdk101906_cn9131_3.log,20190329-12:40:19,1824936,c:,MARL2019,Supports\SDK_EBB\SDK10
sdk101906-initramfs.txt,20190402-11:06:21,1939,c:,MARL2019,Supports\SDK_EBB\SDK10
sdk101906.txt,20190606-07:22:44,10003,c:,MARL2019,Supports\SDK_EBB\SDK10
boot.txt,20190430-13:36:24,7891,c:,MARL2019,Supports\SDK_EBB\SFF8304
20190605Yi Shanping.pdf,20190606-09:27:36,86761,c:,MARL2019,Supports\SDK_EBB\SFF8304\fedex
A进口确认函 excel.xls,20190424-17:09:55,58880,c:,MARL2019,Supports\SDK_EBB\SFF8304\fedex
催办通知书1_FedEx.jpg,20190606-12:20:33,632600,c:,MARL2019,Supports\SDK_EBB\SFF8304\fedex
催办通知书2_FedEx.jpg,20190606-12:07:06,141064,c:,MARL2019,Supports\SDK_EBB\SFF8304\fedex
报关资料明细表.xls,20190606-14:13:39,35840,c:,MARL2019,Supports\SDK_EBB\SFF8304\fedex
调单介绍信_美满.doc,20190606-11:49:30,22016,c:,MARL2019,Supports\SDK_EBB\SFF8304\fedex
sff8304_log.txt,20190606-16:31:53,82339,c:,MARL2019,Supports\SDK_EBB\SFF8304
software.txt,20190516-21:57:42,800,c:,MARL2019,Supports\SDK_EBB\SFF8304
cn83_txcsr.sh,20190519-20:10:34,2658,c:,MARL2019,Tech\cn83xx_regtool
reg_dump_NIC.sh,20190519-20:11:11,796028,c:,MARL2019,Tech\cn83xx_regtool
map_v0.zip,20190324-08:32:10,2997,c:,MARL2019,Tech\map
map_v2.zip,20190324-09:41:07,3352,c:,MARL2019,Tech\map
minghoulu.js,20190324-08:31:13,1667,c:,MARL2019,Tech\map
readme.txt,20190324-08:41:40,639,c:,MARL2019,Tech\map
school.html,20190407-14:20:40,3523,c:,MARL2019,Tech\map
shifanerfuxiao.js,20190324-08:31:16,1109,c:,MARL2019,Tech\map
coding.py,20190128-19:54:35,4864,c:,MARL2019,Tech\python3\Base64Coding
readme.txt,20180429-13:41:06,887,c:,MARL2019,Tech\python3\Base64Coding
testfile.txt,20180420-17:56:41,8,c:,MARL2019,Tech\python3\Base64Coding
testfile.txt.new,20180420-17:55:36,8,c:,MARL2019,Tech\python3\Base64Coding
CaptureScreen.bat,20190607-08:45:23,375,c:,MARL2019,Tech\python3\capture
CaptureScreen.bat - Shortcut.lnk,20190607-07:58:20,1370,c:,MARL2019,Tech\python3\capture
python3.bat,20190607-07:47:07,291,c:,MARL2019,Tech\python3\capture
screen.py,20190607-08:54:41,390,c:,MARL2019,Tech\python3\capture
filesAnalysis.py,20190412-20:27:27,4922,c:,MARL2019,Tech\python3\FilesAnalysis
filesAnalysis_lib.py,20190413-15:29:34,6048,c:,MARL2019,Tech\python3\FilesAnalysis
filesAnalysis_lib3.py,20190413-10:44:34,5864,c:,MARL2019,Tech\python3\FilesAnalysis
filesAnalysis_ThP480_Net_home.py,20190413-15:35:36,3214,c:,MARL2019,Tech\python3\FilesAnalysis
filesAnalysis_ThP480_Net_ThC.py,20190413-10:49:15,3257,c:,MARL2019,Tech\python3\FilesAnalysis
filesAnalysis_v0.py,20190412-19:28:00,3847,c:,MARL2019,Tech\python3\FilesAnalysis
python3.bat,20181122-10:20:50,295,c:,MARL2019,Tech\python3\FilesAnalysis
python3.bat,20181122-10:20:50,295,c:,MARL2019,Tech\python3\syncDir
readme.txt,20190226-20:43:16,176,c:,MARL2019,Tech\python3\syncDir
syncDir_20190409.zip,20190409-21:17:17,18071,c:,MARL2019,Tech\python3\syncDir
syncFiles_Dell_InspironR14.py,20190312-17:19:16,9337,c:,MARL2019,Tech\python3\syncDir
syncFiles_Dell_InspironR14_Net.py,20190409-21:44:14,3192,c:,MARL2019,Tech\python3\syncDir
syncFiles_Dell_InspironR14_USB.py,20190409-21:43:30,2893,c:,MARL2019,Tech\python3\syncDir
syncFiles_lib2.py,20190409-21:40:08,11213,c:,MARL2019,Tech\python3\syncDir
syncFiles_lib3.py,20190409-21:15:37,11169,c:,MARL2019,Tech\python3\syncDir
syncFiles_T450.py,20190226-20:51:43,8228,c:,MARL2019,Tech\python3\syncDir
syncFiles_ThC.py,20190312-17:19:43,9409,c:,MARL2019,Tech\python3\syncDir
syncFiles_ThC_USB.py,20190409-21:44:38,3157,c:,MARL2019,Tech\python3\syncDir
syncFiles_ThC_v0.py,20190219-14:24:51,8061,c:,MARL2019,Tech\python3\syncDir
syncFiles_ThP450_USB.py,20190409-21:43:10,2897,c:,MARL2019,Tech\python3\syncDir
syncFiles_ThP480.py,20190312-17:19:53,9342,c:,MARL2019,Tech\python3\syncDir
syncFiles_ThP480_Net.py,20190312-17:20:34,9612,c:,MARL2019,Tech\python3\syncDir
syncFiles_ThP480_Net_home.py,20190409-21:22:16,3206,c:,MARL2019,Tech\python3\syncDir
syncFiles_ThP480_Net_home_v0.py,20190323-07:34:24,9776,c:,MARL2019,Tech\python3\syncDir
syncFiles_ThP480_Net_ThC.py,20190409-21:36:27,3247,c:,MARL2019,Tech\python3\syncDir
syncFiles_ThP480_v0.py,20190303-11:53:48,8430,c:,MARL2019,Tech\python3\syncDir
2018-11-13-raspbian-stretch-full.zip,20190227-21:31:07,1978611497,c:,MARL2019,Tech\raspbian
NOOBS_lite_v3_0.zip,20190228-07:18:38,34884376,c:,MARL2019,Tech\raspbian
NOOBS_v3_0_0.zip,20190228-07:21:35,1763320689,c:,MARL2019,Tech\raspbian
Summary.docx,20190323-07:13:39,22845,c:,MARL2019,Tech\raspbian
Win32DiskImager-0.9.5-binary.zip,20190228-18:42:01,18288416,c:,MARL2019,Tech\raspbian
Raspberry+Pi+User+Guide+4th+Edition.pdf,20190228-06:52:12,29905851,c:,MARL2019,Tech\raspbian\爱上树莓派\入门手册
入门手册.zip,20190228-06:52:38,31611595,c:,MARL2019,Tech\raspbian\爱上树莓派\入门手册
树莓派3入门使用手册+官方屏一体机入门手册.pdf,20190228-06:49:13,1983671,c:,MARL2019,Tech\raspbian\爱上树莓派\入门手册
必读手册树莓派资料.txt,20190228-07:08:59,229,c:,MARL2019,Tech\raspbian\爱上树莓派
SDFormatter4exe.zip,20190228-06:54:33,6287163,c:,MARL2019,Tech\raspbian\爱上树莓派\树莓派烧写系统攻略\raspbian烧写工具和方法
SDFormatter_4SC.pdf,20190228-06:53:36,422575,c:,MARL2019,Tech\raspbian\爱上树莓派\树莓派烧写系统攻略\raspbian烧写工具和方法
Win32DiskImager-0.9.5-install.exe,20190228-07:09:04,12290974,c:,MARL2019,Tech\raspbian\爱上树莓派\树莓派烧写系统攻略\raspbian烧写工具和方法
折腾树莓派.txt,20190228-06:52:47,343,c:,MARL2019,Tech\raspbian\爱上树莓派\树莓派烧写系统攻略\raspbian烧写工具和方法
shell.txt,20190221-09:37:05,274,c:,MARL2019,Tech
Training_Courses.xmind,20190527-20:56:57,84524,c:,MARL2019,Tech
vimrc_example.vim,20190303-12:47:03,1582,c:,MARL2019,Tech
vim_cfg.vim,20190227-08:57:04,92,c:,MARL2019,Tech
ESPRESSObin-V7-Hardware-Block-diagram-181202.pdf,20190226-17:51:43,82454,c:,MARL2019,work\A37xx
marvell-embedded-processors-armada-37xx-hardware-specifications-2017-11.pdf,20190225-15:57:11,1516396,c:,MARL2019,work\A37xx
marvell-embedded-processors-armada-37xx-product-brief-2016-08.pdf,20190225-15:56:43,59890,c:,MARL2019,work\A37xx
MV-L101120-10B-DB-88F3720-DDR3-Modular - User Guide.pdf,20190313-13:34:54,278132,c:,MARL2019,work\A37xx
MV-L101120-10C-DB-88F3720-DDR3-Modular - User Guide.pdf,20190313-13:36:44,407839,c:,MARL2019,work\A37xx
MV-L101201-10B-DB-88F3720-DDR4-4GB-Modular-UserGuide.pdf,20190311-16:07:29,1919179,c:,MARL2019,work\A37xx
MV-S110707-00B.pdf,20190226-08:55:06,1589581,c:,MARL2019,work\A37xx
MV-S110897-00C-88F3700 - Functional Specifications.pdf,20190226-08:57:08,34028533,c:,MARL2019,work\A37xx
centos7.docx,20190422-14:00:38,43656,c:,MARL2019,work
CN68XX_Issues_v1.14.pdf,20190430-07:55:21,525467,c:,MARL2019,work\CN6XXX
CN70-71XX_Issues_v1.8.pdf,20190522-19:55:58,412949,c:,MARL2019,work\CN71XX
CN70XX-CN71XX-DDR4-AD-1.1P.pdf,20190522-19:58:53,734868,c:,MARL2019,work\CN71XX
CN71XX-HM-1.6P.pdf,20190522-19:52:26,50776323,c:,MARL2019,work\CN71XX
AN-180-CN7XXX_Boot_Methods_r5.pdf,20190323-07:47:10,500948,c:,MARL2019,work\CN78XX
CN78XX-HM-2.61P.pdf,20190314-11:21:23,23022946,c:,MARL2019,work\CN78XX
CN78XX-Pass2.0-2GHz-AD-1.2.pdf,20190415-13:40:15,101168,c:,MARL2019,work\CN78XX
CN78XX-Pass2.0-HCP-HW-AD-1.3.pdf,20190415-13:36:08,94046,c:,MARL2019,work\CN78XX
CN78XX_Issues_v1.19.pdf,20190517-07:10:55,1085322,c:,MARL2019,work\CN78XX
PKI-PE-0.95.pdf,20190314-11:21:28,868197,c:,MARL2019,work\CN78XX
CN82XX-AD-1.1.pdf,20190326-10:00:29,97195,c:,MARL2019,work\CN83XX
CN83XX-HM-1.22P.pdf,20180817-10:32:31,28689324,c:,MARL2019,work\CN83XX
CN83XX-PWR-AD-1.2.pdf,20190313-10:13:28,83509,c:,MARL2019,work\CN83XX
CN83XX-SFF-EVB_Quick_Start_Guide_r4.pdf,20190401-12:48:39,547991,c:,MARL2019,work\CN83XX
CN83XX-SFF_EVB-User Manual-r06.pdf,20190401-12:49:54,772599,c:,MARL2019,work\CN83XX
EBB83-UG-0.9.pdf,20190401-12:42:10,2200000,c:,MARL2019,work\CN83XX
CN9130_CRB_R1P2_SCH_PDF_20190605.7z,20190607-15:16:40,938683,c:,MARL2019,work\CN91XX
DB-CN9130-MODULAR_1_2- Schematics (pdf and Orcad).zip,20190328-09:52:31,3075704,c:,MARL2019,work\CN91XX
MV-L101264-10-0.1-DB-CN9131_Modular_UserGuide.pdf,20190327-11:56:32,3324838,c:,MARL2019,work\CN91XX
MV-L101267-10A-DB-CN9132_Modular_system_UserGuide.pdf,20190327-11:55:42,2388012,c:,MARL2019,work\CN91XX
MV-S111631-00A_Hardware Specifications.pdf,20190327-11:57:16,2765284,c:,MARL2019,work\CN91XX
MV-S111692-00A_Functional Specifications.pdf,20190327-11:57:14,28634407,c:,MARL2019,work\CN91XX
MV-S111757-00-0.1-88F8215-Hardware Specifications (Draft).pdf,20190328-21:48:45,4263806,c:,MARL2019,work\CN91XX
CN96XX-CRB_R1P1.pdf,20190305-18:05:25,1490518,c:,MARL2019,work\CN96XX
CN96XXD-DS-0.6E.pdf,20190322-09:18:37,1372163,c:,MARL2019,work\CN96XX
CNF73XX-HM-1.3P.pdf,20190603-13:48:10,30178189,c:,MARL2019,work\CNF75XX
CNF75XX-HM-1.5PS.pdf,20190320-17:15:52,31111796,c:,MARL2019,work\CNF75XX
EBB75-UG-0.95.pdf,20190528-14:26:59,2081577,c:,MARL2019,work\CNF75XX
201903.pdf,20190329-11:05:15,50351,c:,MARL2019,work\marvell\ADP
201904.pdf,20190430-15:45:32,51505,c:,MARL2019,work\marvell\ADP
Business Travel Request Template.msg,20180903-11:25:35,140288,c:,MARL2019,work\marvell
Cavium-Orientation-International-final.pdf,20180712-14:05:20,1123720,c:,MARL2019,work\marvell
cavium_sales_compliance_letter.pdf,20180821-14:07:16,87416,c:,MARL2019,work\marvell
Code Certification Disclosure Printable.docx,20180713-07:05:29,16477,c:,MARL2019,work\marvell
Code of Business Conduct and Ethics.pdf,20180716-14:39:17,10188340,c:,MARL2019,work\marvell
Customer Info Profile template Marvell-shanping.xlsx,20181107-13:31:43,20576,c:,MARL2019,work\marvell
201811.pdf,20181205-18:49:49,335216,c:,MARL2019,work\marvell\epayslips
201812.pdf,20181229-15:00:37,355518,c:,MARL2019,work\marvell\epayslips
201901.pdf,20190131-20:05:53,340686,c:,MARL2019,work\marvell\epayslips
201902.pdf,20190329-11:07:03,472887,c:,MARL2019,work\marvell\epayslips
generated.pdf,20190430-12:45:10,74321,c:,MARL2019,work\marvell\etrade
noticeofgrant.docx,20190430-12:42:17,16102,c:,MARL2019,work\marvell\etrade
plan.pdf,20190430-12:46:42,168472,c:,MARL2019,work\marvell\etrade
plan_prospectus.pdf,20190430-12:47:48,385408,c:,MARL2019,work\marvell\etrade
International FAQs for Day 1- June-2018-v1.docx,20180704-13:52:53,53798,c:,MARL2019,work\marvell
IT Quick Start Guide-2018-07-11.pdf,20180716-16:11:08,709840,c:,MARL2019,work\marvell
LASTNAME_FY2020_Q1_FAE_KSO_Template_DDMMMYYYY - Copy.xlsx,20190318-10:54:27,26348,c:,MARL2019,work\marvell\KSO
Please_DocuSign_FY20_Comp_Plan_for_Yi_Shanpi.pdf,20190505-17:57:54,942189,c:,MARL2019,work\marvell\KSO
SHANPING_FY2020_Q1_FAE_KSO_20032019.xlsx,20190319-14:13:21,27460,c:,MARL2019,work\marvell\KSO
SHANPING_YI_FY2020_Q1_FAE_KSO_20MAR2019.xlsx,20190508-09:50:40,27553,c:,MARL2019,work\marvell\KSO
SHANPING_YI_FY2020_Q2_FAE_KSO_8MAY2019.xlsx,20190508-09:38:41,27443,c:,MARL2019,work\marvell\KSO
01212019_CN96XX_Status_Update1.pptx,20190130-22:53:41,3348512,c:,MARL2019,work\marvell\marketing
04212019_IPBU_PLU_v6.2.pdf,20190522-19:33:48,2691387,c:,MARL2019,work\marvell\marketing
12132018_IPBU_PLU_vF2.pptx,20181228-15:48:56,4336089,c:,MARL2019,work\marvell\marketing
93xx_Tutorial_20181105b.pptx,20190410-14:42:49,1830426,c:,MARL2019,work\marvell\marketing
96xx VS 83xx.png,20181107-09:41:31,249233,c:,MARL2019,work\marvell\marketing
A37xx_Marketing_Slides_17.06_v1.3 with benchmark.pptx,20190320-12:36:57,3121813,c:,MARL2019,work\marvell\marketing
A38X.jpg,20190319-09:43:21,61320,c:,MARL2019,work\marvell\marketing
ARMADA_A38x_Marketing_Slides_17.06_v1.27_with benchmark.pptx,20190320-12:36:57,1830742,c:,MARL2019,work\marvell\marketing
armV8 exception.ppt,20181226-17:45:19,2492416,c:,MARL2019,work\marvell\marketing
CN83XXvsCN73XX.png,20181219-06:24:58,145874,c:,MARL2019,work\marvell\marketing
CN83xx_cn9130_price.msg,20181219-21:15:29,259584,c:,MARL2019,work\marvell\marketing
CN9670 and CN7890 Comparison 09-24-2018.pdf,20180927-12:40:49,162232,c:,MARL2019,work\marvell\marketing
"Greater China FAE Team Building on Dec, 2018.pdf",20181123-16:32:26,4123681,c:,MARL2019,work\marvell\marketing
intel_SoCs.png,20190423-08:37:10,215208,c:,MARL2019,work\marvell\marketing
marvell_processor_update.pptx,20181226-17:31:49,9106980,c:,MARL2019,work\marvell\marketing
Marvell_RAN_Solutions_Customer_Presentation_Aug2018_Datang.pdf,20190428-20:27:05,4603023,c:,MARL2019,work\marvell\marketing
NXP_LS2vsOCTEONTX.png,20181219-12:41:03,93863,c:,MARL2019,work\marvell\marketing
OCTEON Roadmap update to H3C SR88.pdf,20181224-15:28:37,1012303,c:,MARL2019,work\marvell\marketing
OCTEONTX&TX2.pptx,20181220-16:17:23,582430,c:,MARL2019,work\marvell\marketing
OCTEONTX2-Core-Primer-Mukherjee.pptx,20181108-11:26:56,1808084,c:,MARL2019,work\marvell\marketing
OCTEONTX_TX2.png,20181219-12:46:36,156927,c:,MARL2019,work\marvell\marketing
Marvell EC Questionnaire Printable.doc,20180713-06:40:38,69120,c:,MARL2019,work\marvell
Marvell+PowerPoint+Template+2018-07.pptx,20180724-10:25:24,277697,c:,MARL2019,work\marvell
marvell.txt,20190603-13:57:46,5315,c:,MARL2019,work\marvell
Cavium transferred employees_Confidential Information and Invention Disc....pdf,20181031-16:24:30,76165,c:,MARL2019,work\marvell\onboard
Marvell 入职须知（北京）.pdf,20171129-10:52:02,203135,c:,MARL2019,work\marvell\onboard
个人住房公积金帐户转移表.doc,20170901-15:05:58,87552,c:,MARL2019,work\marvell\onboard
入职材料.pdf,20181101-15:19:35,3993091,c:,MARL2019,work\marvell\onboard
2019_Employee_Assessment_Fusion_Quick_Start_Guide_v3.pdf,20181217-17:20:53,571023,c:,MARL2019,work\marvell\pmp2018
pmp.pdf,20181217-18:57:26,16411,c:,MARL2019,work\marvell\pmp2018
PMP.png,20181217-17:40:00,59126,c:,MARL2019,work\marvell\pmp2018
PMP.txt,20181217-18:52:56,2767,c:,MARL2019,work\marvell\pmp2018
PMP2.png,20181217-17:41:25,83372,c:,MARL2019,work\marvell\pmp2018
PMP3.png,20181217-17:42:52,64760,c:,MARL2019,work\marvell\pmp2018
Quick Start Guide-June28.docx,20180704-13:52:50,106875,c:,MARL2019,work\marvell
Re EDA tool application.msg,20190123-17:26:19,153088,c:,MARL2019,work\marvell
Shanping.Yi.pptx,20180815-07:08:21,280133,c:,MARL2019,work\marvell
WCMP 062618.pdf,20180716-14:39:17,445036,c:,MARL2019,work\marvell
WCMP Acknowledgement Printable.docx,20180713-07:05:32,11760,c:,MARL2019,work\marvell
xHCI controller hanged .msg,20181219-21:25:55,130048,c:,MARL2019,work\marvell
"Yi,_Shanping-2019_Emloyee_Statement.pdf",20190404-14:13:28,12982,c:,MARL2019,work\marvell
2018Health Screening Notification(2018年度健康检查通知).msg,20181209-07:53:08,157696,c:,MARL2019,work\marvell\平安
FW 平安保险加保.msg,20181218-08:57:57,111616,c:,MARL2019,work\marvell\平安
Scan易怀宇.pdf,20181218-09:02:38,453176,c:,MARL2019,work\marvell\平安
Scan易怀远.pdf,20181218-09:04:49,455939,c:,MARL2019,work\marvell\平安
Scan结婚证.pdf,20181218-09:00:50,196166,c:,MARL2019,work\marvell\平安
家属加保申请表新-易善平.zip,20181226-17:48:15,1031338,c:,MARL2019,work\marvell\平安
平安保险.msg,20181205-10:24:21,93696,c:,MARL2019,work\marvell\平安
美满家属加保申请表新-易善平.xlsx,20181218-09:20:48,14787,c:,MARL2019,work\marvell\平安
20190102.xlsx,20190104-19:22:41,24756,c:,MARL2019,work\personal\2019weekly
20190107.xlsx,20190111-13:56:03,20518,c:,MARL2019,work\personal\2019weekly
20190114.xlsx,20190120-16:46:14,26959,c:,MARL2019,work\personal\2019weekly
20190121.xlsx,20190127-15:28:29,26810,c:,MARL2019,work\personal\2019weekly
20190128.xlsx,20190211-07:57:03,25866,c:,MARL2019,work\personal\2019weekly
20190211.xlsx,20190215-18:13:45,25232,c:,MARL2019,work\personal\2019weekly
20190218.xlsx,20190222-09:28:46,20580,c:,MARL2019,work\personal\2019weekly
20190225.xlsx,20190303-07:11:11,20042,c:,MARL2019,work\personal\2019weekly
20190304.xlsx,20190308-11:26:18,20874,c:,MARL2019,work\personal\2019weekly
20190311.xlsx,20190314-13:04:40,21444,c:,MARL2019,work\personal\2019weekly
20190314.xlsx,20190321-14:19:51,21425,c:,MARL2019,work\personal\2019weekly
20190318.txt,20190318-16:04:30,77,c:,MARL2019,work\personal\2019weekly
20190322.xlsx,20190328-13:46:30,20356,c:,MARL2019,work\personal\2019weekly
20190329.xlsx,20190404-13:36:43,21278,c:,MARL2019,work\personal\2019weekly
20190407.xlsx,20190411-15:25:13,21413,c:,MARL2019,work\personal\2019weekly
20190412.xlsx,20190418-19:13:56,20126,c:,MARL2019,work\personal\2019weekly
20190419.xlsx,20190428-08:02:04,20495,c:,MARL2019,work\personal\2019weekly
20190426.xlsx,20190509-20:55:05,21398,c:,MARL2019,work\personal\2019weekly
20190510.xlsx,20190517-07:07:38,20660,c:,MARL2019,work\personal\2019weekly
20190516.xlsx,20190523-17:07:21,21265,c:,MARL2019,work\personal\2019weekly
20190524.xlsx,20190530-18:38:25,20804,c:,MARL2019,work\personal\2019weekly
20190530.xlsx,20190606-16:57:57,19146,c:,MARL2019,work\personal\2019weekly
20190606.xlsx,20190607-13:12:08,18474,c:,MARL2019,work\personal\2019weekly
Summary-20190226115649.xlsx,20190226-11:56:49,11819,c:,MARL2019,work\personal\2019weekly
Summary-20190318184409.xlsx,20190318-18:44:10,14143,c:,MARL2019,work\personal\2019weekly
weekly_format.py,20181123-07:53:13,6759,c:,MARL2019,work\personal\2019weekly
weekly_format_python3.py,20190218-18:50:43,6759,c:,MARL2019,work\personal\2019weekly
weekly_merger.py,20181122-21:42:18,4697,c:,MARL2019,work\personal\2019weekly
weekly_merger_python3.py,20190218-18:53:19,4785,c:,MARL2019,work\personal\2019weekly
团体门诊医疗保险理赔申请书电子版.pdf,20190226-13:59:28,2299732,c:,MARL2019,work\personal\pingan
IHI0069D_gic_architecture_specification-3.0.pdf,20190527-09:54:36,4421889,c:,MARL2019,work\reference
ubuntu16.04.docx,20190307-16:05:34,19057,c:,MARL2019,work
windows10_install.docx,20190303-12:49:28,14925,c:,MARL2019,work
analysis_result.csv,20190607-20:13:25,1350,c:,pytool,FilesAnalysis
filesAnalysis_lib.py,20190413-16:50:53,6123,c:,pytool,FilesAnalysis
filesAnalysis_lib.pyc,20190413-16:24:53,5349,c:,pytool,FilesAnalysis
filesAnalysis_ThC_USB.py,20190413-16:11:31,3157,c:,pytool,FilesAnalysis
filesAnalysis_ThC_USB.py_0.csv,20190413-16:47:18,47,c:,pytool,FilesAnalysis
filesAnalysis_ThC_USB.py_1.csv,20190413-16:48:14,202842,c:,pytool,FilesAnalysis
filesAnalysis_ThP480_Net_home.py,20190413-16:14:13,3205,c:,pytool,FilesAnalysis
filesAnalysis_ThP480_Net_home.py_0.csv,20190413-15:31:52,26462,c:,pytool,FilesAnalysis
python3.bat,20181122-10:20:50,295,c:,pytool,FilesAnalysis
ThP480s_0.csv,20190413-15:29:49,26462,c:,pytool,FilesAnalysis
filesAnalysis_lib.cpython-36.pyc,20190607-20:13:13,4159,c:,pytool,FilesAnalysis\__pycache__
filesAnalysis_lib3.cpython-36.pyc,20190413-10:44:38,3902,c:,pytool,FilesAnalysis\__pycache__
log_syncFiles_Dell_InspironR14_USB.py2019_04.txt,20190409-20:47:52,1044148,c:,pytool,syncDir
log_syncFiles_download.py2019_05.txt,20190506-17:03:36,6529,c:,pytool,syncDir
log_syncFiles_ThC_USB.py2019_04.txt,20190409-09:43:17,707348,c:,pytool,syncDir
log_syncFiles_ThP450_USB.py2019_04.txt,20190404-16:42:25,23579968,c:,pytool,syncDir
log_syncFiles_ThP480_Net_home.py2019_03.txt,20190323-12:41:25,95420,c:,pytool,syncDir
log_syncFiles_ThP480_Net_home.py2019_04.txt,20190430-19:38:11,99014,c:,pytool,syncDir
log_syncFiles_ThP480_Net_home.py2019_05.txt,20190523-15:25:26,103533,c:,pytool,syncDir
log_syncFiles_ThP480_Net_ThC.py2019_03.txt,20190325-08:06:46,12051,c:,pytool,syncDir
log_syncFiles_ThP480_Net_ThC.py2019_04.txt,20190430-19:35:50,165528,c:,pytool,syncDir
log_syncFiles_ThP480_Net_ThC.py2019_05.txt,20190528-15:46:53,63352,c:,pytool,syncDir
log_syncFiles_ThP480_Net_ThP450.py2019_05.txt,20190524-21:12:27,204098,c:,pytool,syncDir
python3.bat,20181122-10:20:50,295,c:,pytool,syncDir
readme.txt,20190226-20:43:16,176,c:,pytool,syncDir
syncFiles_Dell_InspironR14_Net.py,20190409-21:44:14,3192,c:,pytool,syncDir
syncFiles_Dell_InspironR14_USB.py,20190409-21:43:30,2893,c:,pytool,syncDir
syncFiles_download.py,20190506-13:37:06,881,c:,pytool,syncDir
syncFiles_lib2.py,20190524-17:07:25,11360,c:,pytool,syncDir
syncFiles_lib3.py,20190524-17:06:50,11320,c:,pytool,syncDir
syncFiles_ThC_USB.py,20190409-21:44:38,3157,c:,pytool,syncDir
syncFiles_ThP450_USB.py,20190409-21:43:10,2897,c:,pytool,syncDir
syncFiles_ThP480_Net_home.py,20190510-07:35:24,3202,c:,pytool,syncDir
syncFiles_ThP480_Net_ThC.py,20190413-16:07:25,3242,c:,pytool,syncDir
syncFiles_ThP480_Net_ThP450.py,20190524-15:26:22,3266,c:,pytool,syncDir
syncFiles_lib3.cpython-36.pyc,20190524-21:10:21,7032,c:,pytool,syncDir\__pycache__
RE cnTRAK Update DRAM margining tests on CN7809 board #170812-000001 from Cavium_Employees.msg,20190319-11:59:46,625152,c:,SDK,BDK\margin
readme.txt,20190319-12:00:09,100,c:,SDK,BDK\margin
发送电子邮件 bdk-boot-nor-cn78xx.zip bdk-boot-cn78xx.zip.msg,20190319-11:50:44,1606656,c:,SDK,BDK\margin
octeon3-bdk-octeon3-release-2017.12.tgz,20190322-20:22:59,15584834,c:,SDK,BDK
centos_7.4.1708_rootfs.tgz,20190424-16:58:58,681587245,c:,SDK,Centos
How-To-Run-CentOS-rootfs-on-OCTEON_TX.txt,20190424-16:35:25,3583,c:,SDK,Centos
CNN35XX-Driver-SDK-KVM-Xen-PF-UserGuide-r6.2.0_v3.pdf,20190509-20:03:35,881417,c:,SDK,Nitrox3
CNN35XX-Driver-SDK-UserGuide-r6.2.0_v3.pdf,20190509-20:03:25,358130,c:,SDK,Nitrox3
CNN35XX-SSL-SDK-UserGuide-r6.2.0_v3.pdf,20190509-20:03:11,344932,c:,SDK,Nitrox3
NITROX-Driver-Linux-SDK-6.2.0_GA-01.i386.rpm,20190509-20:02:42,1214883,c:,SDK,Nitrox3
NITROX-SSL-SDK-6.2.0-01.tgz,20190509-20:02:56,347038,c:,SDK,Nitrox3
CNN55XX-Driver-Linux-KVM-XEN-PF-SDK-2.0_GA-01.tgz,20190419-16:22:04,2357474,c:,SDK,NitroxV
CNN55XX-SDK-SSL-UserGuide_r2.0_v2.pdf,20190419-16:21:32,453258,c:,SDK,NitroxV
CNN55XX-SSL-SDK-2.0_GA-01.tgz,20190419-16:21:07,368419,c:,SDK,NitroxV
SDK10.0_19.06.0_documentation-v3.zip,20190322-11:10:19,24972629,c:,SDK,SDK101906
SDK10.0_19.06.0_sdk-sources-patches.zip,20190322-11:30:29,694614983,c:,SDK,SDK101906
SDK10.0_19.06.0_sdk-toolchain.tar.bz2,20190322-11:23:07,446423983,c:,SDK,SDK101906
SDK10.0_19.06.1_sdk-source-patches.zip,20190527-15:19:54,774664104,c:,SDK,SDK101906
SDK10.0_19.06.1_sdk-toolchain.zip,20190527-15:26:02,457255471,c:,SDK,SDK101906
SDK10_19.06.0_RC-Readme.txt,20190322-11:08:14,852,c:,SDK,SDK101906
SDK10_19.06.1-README.txt,20190526-10:27:55,849,c:,SDK,SDK101906
SKD10.0_19.06.1_documentation.zip,20190531-10:41:35,25523213,c:,SDK,SDK101906
sdk312p14_install.sh,20190221-08:47:07,3541,c:,SDK,SDK312
OCTEONTX-LINUX-DMCRYPT-6.1.0-build01.x86_64.rpm,20190418-09:58:56,153710292,c:,SDK,SDK610
OCTEONTX-LINUX-DMCRYPT-README.TXT,20190418-09:56:37,11726,c:,SDK,SDK610
Software Development Options with OCTEON TX - June 2018.pdf,20190424-15:26:47,647900,c:,SDK,SDK620
